{
  "tests/test_bridge_proofs.py": 1775822872.8231533,
  "tests/test_pipeline_mocked.py": 1775817818.3401628,
  "tests/test_proof_backend.py": 1775816220.4324799,
  "tests/test_tactic_constraints.py": 1775856434.5404704,
  "tests/test_roundtrip_and_overlap.py": 1775855964.7285683,
  "tests/test_regression_minif2f.py": 1775343267.6881993,
  "tests/test_distributed_proof_cache.py": 1775856434.5404704,
  "tests/test_premise_retrieval.py": 1775049007.0383534,
  "tests/test_prove_with_ponder_backend.py": 1775815933.6365364,
  "tests/test_tactic_training.py": 1775856434.5404704,
  "tests/test_mcts_core.py": 1775837088.328331,
  "tests/test_lean_repl_dojo.py": 1775154409.5690868,
  "tests/test_integration_e2e.py": 1775328746.639092,
  "tests/test_quality_score_inference.py": 1775167950.7037165,
  "tests/test_step_entailment_dispatcher.py": 1775166765.5599358,
  "tests/conftest.py": 1775048748.4264164,
  "tests/test_promotion_policy.py": 1775167072.899892,
  "scripts/tactic_training.py": 1775856434.5404704,
  "scripts/conjecture_generator.py": 1775050992.9980047,
  "scripts/benchmark_minif2f.py": 1775856434.5404704,
  "scripts/kg_writer.py": 1775984343.0722184,
  "scripts/run_benchmark_audit_bundle.py": 1774867803.3905087,
  "scripts/latex_preprocessor.py": 1775983892.360307,
  "scripts/prove_with_ponder.py": 1775983311.6924236,
  "scripts/arxiv_cycle_daemon.py": 1775335654.6857176,
  "scripts/arxiv_cycle.py": 1774817524.9245787,
  "scripts/bridge_proofs.py": 1775983864.8443124,
  "scripts/theorem_extractor.py": 1775917936.0567293,
  "scripts/research.py": 1775336623.9135218,
  "scripts/quality_gates_report.py": 1774866813.8682544,
  "scripts/ponder_loop.py": 1775856434.5404704,
  "scripts/mcts_search.py": 1775984137.9642577,
  "scripts/build_tc_graph.py": 1775328864.1750684,
  "scripts/arxiv_fetcher.py": 1775917936.0567293,
  "scripts/merge_worker_results.py": 1775301917.083997,
  "scripts/proof_backend.py": 1775822415.791249,
  "scripts/statement_translator.py": 1775937546.052823,
  "scripts/pipeline_status.py": 1775328434.291154,
  "scripts/seed_kg_from_mathlib.py": 1775300789.2482197,
  "scripts/arxiv_to_lean.py": 1775983727.4203398,
  "scripts/lean_repl_dojo.py": 1775150817.8817914,
  "scripts/smoke_test.py": 1774367404.996014,
  "scripts/step_entailment_checker.py": 1775166765.5599358,
  "scripts/prove_arxiv_batch.py": 1775342980.584259,
  "scripts/lean_repl_server.py": 1775336360.6815763,
  "scripts/distributed_proof_cache.py": 1775856434.5404704,
  "scripts/mathlib_contrib.py": 1775328956.9230492,
  "scripts/__init__.py": 1774390570.1212907,
  "scripts/premise_retrieval.py": 1775379472.7912931,
  "scripts/import_validator.py": 1775301766.6520262,
  "scripts/kg_api.py": 1775984467.4321942,
  "requirements.txt": 1775916137.6930933,
  "OBJECTIVES.md": 1775302149.3399491,
  "data/arxiv_queue_curated.txt": 1775334896.0178688,
  "data/mathlib_embeddings/README.md": 1774479008.7048326,
  "reproducibility/README.md": 1775150785.9657946,
  "knowledge/leandojo_migration_pr_plan.md": 1775815137.440699,
  "scripts/objective.txt": 1774393326.6369693,
  "README.md": 1775984624.1041625
}